{
	"_Comment": ["Owned coins", "Buyed price (in BTC)"],
	"XLM": [4442.50, 0.00005000],
	"XRP": [774.50, 0.00005000],
	"EOS": [3, 0.00005000],
	"NEO": [1.08, 0.00005000],
	"ETH": [2.00, 0.08699998]
}
