{
	"_Comment": ["Owned coins", "Buyed price (in BTC)"],
	"XLM": [4399.13043, 0.0000115],
	"XRP": [779.20184, 0.00004759],
	"EOS": [3, 0.00005000],
	"NEO": [1.08283419, 0.0120056],
	"ETH": [1.23, 0.08825]
}
