{
	"_Comment": ["Owned coins", "Buyed price (in BTC)"],
	"NEO": [1.08283419, 0.0120056],
	"ETH": [4.3765, 0.09185]
}
