{
	"_Comment": ["Owned coins", "Buyed price (in BTC)"],
	"XLM": [0, 0],
	"XRP": [0, 0],
	"EOS": [3, 0.00005000],
	"NEO": [1.08283419, 0.0120056],
	"ETH": [1.23319, 0.09185]
}
